{"cameraMode":{"drawMode":0,"name":"Shaded","section":"Shading Mode"},"sceneLighting":false,"audioPlay":false,"sceneViewState":{"m_AlwaysRefresh":false,"showFog":true,"showSkybox":true,"showFlares":true,"showImageEffects":true,"showParticleSystems":true,"showVisualEffectGraphs":true,"m_FxEnabled":false},"in2DMode":false,"pivot":{"x":38.37731170654297,"y":11.759474754333496,"z":-39.8403205871582},"rotation":{"x":0.2969475984573364,"y":0.005730831529945135,"z":-0.001782429637387395,"w":0.9548744559288025},"size":1.9732264280319214,"orthographic":true}